{
  "benchmark": {
    "alpha": 0.0,
    "beta": 1.0,
    "sharpe_ratio": -1.8603537015132414,
    "sortino_ratio": -2.4198442099382524,
    "annual_volatility": 0.8717023390789683,
    "annual_return": -0.860752182942995,
    "daily_winning_ratio": 0.4782608695652174,
    "max_drawdown": 0.3196330605270259
  },
  "strategy": {
    "alpha": -0.4298255950534088,
    "beta": 0.2779860933015678,
    "sharpe_ratio": -2.0108185695749587,
    "sortino_ratio": -2.6363120990204476,
    "annual_volatility": 0.5033690559160534,
    "annual_return": -0.6680988618017986,
    "daily_winning_ratio": 0.4782608695652174,
    "max_drawdown": 0.3196330605270259
  }
}