{
  "benchmark": {
    "alpha": 0.0,
    "beta": 1.0,
    "sharpe_ratio": -1.253635267536504,
    "sortino_ratio": -1.6959493485377535,
    "annual_volatility": 0.9017173845166332,
    "annual_return": -0.7774552599664493,
    "daily_winning_ratio": 0.4838709677419355,
    "max_drawdown": 0.3196330605270259
  },
  "strategy": {
    "alpha": -0.3929900724572052,
    "beta": 0.28618281188448047,
    "sharpe_ratio": -1.6134171417985415,
    "sortino_ratio": -2.1535549218944983,
    "annual_volatility": 0.5097113487169147,
    "annual_return": -0.5997712013424996,
    "daily_winning_ratio": 0.4838709677419355,
    "max_drawdown": 0.3196330605270259
  }
}