{
  "benchmark": {
    "alpha": 0.0,
    "beta": 1.0000000000000002,
    "sharpe_ratio": -1.8931430174954305,
    "sortino_ratio": -2.4640657761337406,
    "annual_volatility": 0.8368983792407422,
    "annual_return": -0.8509698753218938,
    "daily_winning_ratio": 0.47297297297297297,
    "max_drawdown": 0.3196330605270259
  },
  "strategy": {
    "alpha": -0.46850723954029616,
    "beta": 0.3748990364412105,
    "sharpe_ratio": -2.7092813213741125,
    "sortino_ratio": -3.278268267767831,
    "annual_volatility": 0.4523328367856903,
    "annual_return": -0.7257321535331035,
    "daily_winning_ratio": 0.47297297297297297,
    "max_drawdown": 0.3196330605270259
  }
}