{
  "benchmark": {
    "alpha": 0.0,
    "beta": 0.9999999999999998,
    "sharpe_ratio": 2.8777895996012126,
    "sortino_ratio": 4.753492398989197,
    "annual_volatility": 0.6550903956237467,
    "annual_return": 4.593352046636362,
    "daily_winning_ratio": 0.5833333333333334,
    "max_drawdown": 0.08388345945774489
  },
  "strategy": {
    "alpha": -0.2627764630587256,
    "beta": 1.0894721852529072,
    "sharpe_ratio": 2.4423364466008426,
    "sortino_ratio": 3.94244498965735,
    "annual_volatility": 0.7161787855610303,
    "annual_return": 3.700635193173631,
    "daily_winning_ratio": 0.5833333333333334,
    "max_drawdown": 0.09272666769430171
  }
}