{
  "benchmark": {
    "alpha": 0.0,
    "beta": 1.0,
    "sharpe_ratio": 13.600745768831336,
    "sortino_ratio": 96.01344458148921,
    "annual_volatility": 0.5945085490139405,
    "annual_return": 2694.078675894822,
    "daily_winning_ratio": 0.6,
    "max_drawdown": 0.009273377365157875
  },
  "strategy": {
    "alpha": -0.466103158086151,
    "beta": 1.0601074990003996,
    "sharpe_ratio": 12.52941606455232,
    "sortino_ratio": 91.81817541581835,
    "annual_volatility": 0.6340886850262597,
    "annual_return": 2304.676147918092,
    "daily_winning_ratio": 0.6,
    "max_drawdown": 0.009578271612068034
  }
}