{
  "benchmark": {
    "alpha": 0.0,
    "beta": 1.0,
    "sharpe_ratio": -0.1307576100099481,
    "sortino_ratio": -0.18842422700777925,
    "annual_volatility": 0.6606279151483133,
    "annual_return": -0.2242136862016415,
    "daily_winning_ratio": 0.5333333333333333,
    "max_drawdown": 0.10621049768697044
  },
  "strategy": {
    "alpha": 0.3823335592906387,
    "beta": 0.9861758293517419,
    "sharpe_ratio": 0.3576231527423687,
    "sortino_ratio": 0.5467816352421195,
    "annual_volatility": 0.6675427248846548,
    "annual_return": 0.07040611623690607,
    "daily_winning_ratio": 0.5333333333333333,
    "max_drawdown": 0.09272666769430171
  }
}