{
  "benchmark": {
    "alpha": 0.0,
    "beta": 1.0000000000000002,
    "sharpe_ratio": -1.433301340520088,
    "sortino_ratio": -1.8905778123822758,
    "annual_volatility": 0.8771876772166713,
    "annual_return": -0.8001124659651733,
    "daily_winning_ratio": 0.4883720930232558,
    "max_drawdown": 0.3196330605270259
  },
  "strategy": {
    "alpha": -0.42885852757527687,
    "beta": 0.2745069468369116,
    "sharpe_ratio": -1.7537755074353407,
    "sortino_ratio": -2.31501185048858,
    "annual_volatility": 0.5159265281910138,
    "annual_return": -0.632680799308522,
    "daily_winning_ratio": 0.4883720930232558,
    "max_drawdown": 0.3196330605270259
  }
}