{
  "benchmark": {
    "alpha": 0.0,
    "beta": 1.0,
    "sharpe_ratio": -0.017075074103086556,
    "sortino_ratio": -0.026487755659462407,
    "annual_volatility": 0.6371538621445306,
    "annual_return": -0.15731885763616482,
    "daily_winning_ratio": 0.4807692307692308,
    "max_drawdown": 0.2350031477650868
  },
  "strategy": {
    "alpha": -0.5706789303448795,
    "beta": 0.5735641783490548,
    "sharpe_ratio": -1.916880019084019,
    "sortino_ratio": -2.529717804813312,
    "annual_volatility": 0.44385232514811207,
    "annual_return": -0.5984661644315146,
    "daily_winning_ratio": 0.4807692307692308,
    "max_drawdown": 0.2350031477650868
  }
}