{
  "benchmark": {
    "alpha": 0.0,
    "beta": 1.0000000000000002,
    "sharpe_ratio": -0.6878747224402801,
    "sortino_ratio": -0.9811253142134764,
    "annual_volatility": 0.6043257582705175,
    "annual_return": -0.42752780976118,
    "daily_winning_ratio": 0.5,
    "max_drawdown": 0.22268189585394382
  },
  "strategy": {
    "alpha": -0.562024326615465,
    "beta": 0.6330140413465619,
    "sharpe_ratio": -2.364283708973413,
    "sortino_ratio": -3.0581297801161247,
    "annual_volatility": 0.46009838286971794,
    "annual_return": -0.6856259578014332,
    "daily_winning_ratio": 0.5,
    "max_drawdown": 0.22268189585394382
  }
}