{
  "benchmark": {
    "alpha": 0.0,
    "beta": 1.0,
    "sharpe_ratio": 1.3840652811244483,
    "sortino_ratio": 2.152505610146585,
    "annual_volatility": 0.600748760607823,
    "annual_return": 1.001617203716365,
    "daily_winning_ratio": 0.5517241379310345,
    "max_drawdown": 0.15264427594163443
  },
  "strategy": {
    "alpha": -0.07538584964704931,
    "beta": 0.7387161783833794,
    "sharpe_ratio": 1.0856844067673925,
    "sortino_ratio": 1.660623372311699,
    "annual_volatility": 0.49356337221450297,
    "annual_return": 0.5759425185220226,
    "daily_winning_ratio": 0.5517241379310345,
    "max_drawdown": 0.11241275447202714
  }
}