{
  "benchmark": {
    "alpha": 0.0,
    "beta": 1.0,
    "sharpe_ratio": -1.1556549168943475,
    "sortino_ratio": -1.5568913348655962,
    "annual_volatility": 0.9105407377879049,
    "annual_return": -0.7614853771690403,
    "daily_winning_ratio": 0.4824561403508772,
    "max_drawdown": 1.0
  },
  "strategy": {
    "alpha": -0.9775194520277541,
    "beta": 0.37328922343530313,
    "sharpe_ratio": -2.2515394290480675,
    "sortino_ratio": -2.2795468532891996,
    "annual_volatility": 1.8512865091284068,
    "annual_return": -1.0,
    "daily_winning_ratio": 0.4824561403508772,
    "max_drawdown": 1.0
  }
}