{
  "benchmark": {
    "alpha": 0.0,
    "beta": 1.0,
    "sharpe_ratio": -0.8623278133051125,
    "sortino_ratio": -1.192833480448107,
    "annual_volatility": 0.9046921736414741,
    "annual_return": -0.6843281314664755,
    "daily_winning_ratio": 0.48484848484848486,
    "max_drawdown": 0.3196330605270259
  },
  "strategy": {
    "alpha": -0.331549862709529,
    "beta": 0.2986663452652535,
    "sharpe_ratio": -1.2556766584662842,
    "sortino_ratio": -1.7035612290096787,
    "annual_volatility": 0.506159949383374,
    "annual_return": -0.5165077855708309,
    "daily_winning_ratio": 0.48484848484848486,
    "max_drawdown": 0.3196330605270259
  }
}