{
  "benchmark": {
    "alpha": 0.0,
    "beta": 1.0000000000000002,
    "sharpe_ratio": 0.5535241712318311,
    "sortino_ratio": 0.8772866900289689,
    "annual_volatility": 0.6736609635322387,
    "annual_return": 0.20762109664270945,
    "daily_winning_ratio": 0.5,
    "max_drawdown": 0.2350031477650868
  },
  "strategy": {
    "alpha": -0.5474474480860934,
    "beta": 0.5014979447539676,
    "sharpe_ratio": -1.4564560116333851,
    "sortino_ratio": -1.9382635524678482,
    "annual_volatility": 0.415383994865034,
    "annual_return": -0.4802271120862551,
    "daily_winning_ratio": 0.5,
    "max_drawdown": 0.2350031477650868
  }
}