{
  "benchmark": {
    "alpha": 0.0,
    "beta": 1.0,
    "sharpe_ratio": 1.9148081454344914,
    "sortino_ratio": 3.053829450954748,
    "annual_volatility": 0.623131831385346,
    "annual_return": 1.8371664721015506,
    "daily_winning_ratio": 0.56,
    "max_drawdown": 0.15264427594163443
  },
  "strategy": {
    "alpha": -0.2746108003042552,
    "beta": 0.789809517523238,
    "sharpe_ratio": 1.1674352686744678,
    "sortino_ratio": 1.7916190488981873,
    "annual_volatility": 0.5323442714239687,
    "annual_return": 0.6853887977713431,
    "daily_winning_ratio": 0.56,
    "max_drawdown": 0.11241275447202714
  }
}