{
  "benchmark": {
    "alpha": 0.0,
    "beta": 1.0,
    "sharpe_ratio": 0.3707977915678192,
    "sortino_ratio": 0.5771690909244556,
    "annual_volatility": 0.7160927505897234,
    "annual_return": 0.06350395575699341,
    "daily_winning_ratio": 0.5,
    "max_drawdown": 0.15264427594163443
  },
  "strategy": {
    "alpha": 0.05882863924538406,
    "beta": 0.8203051794061885,
    "sharpe_ratio": 0.4371099734452233,
    "sortino_ratio": 0.6727253905753635,
    "annual_volatility": 0.6290859657149871,
    "annual_return": 0.13352708625237897,
    "daily_winning_ratio": 0.5,
    "max_drawdown": 0.11241275447202714
  }
}