{
  "benchmark": {
    "alpha": 0.0,
    "beta": 1.0000000000000002,
    "sharpe_ratio": 0.8025627978348615,
    "sortino_ratio": 1.2923383716354753,
    "annual_volatility": 0.6752399017659196,
    "annual_return": 0.4286990674244391,
    "daily_winning_ratio": 0.5,
    "max_drawdown": 0.2350031477650868
  },
  "strategy": {
    "alpha": -0.5641140983921422,
    "beta": 0.5041740678012245,
    "sharpe_ratio": -1.3255900813636727,
    "sortino_ratio": -1.7717602451457883,
    "annual_volatility": 0.4195925292319082,
    "annual_return": -0.45512541448590604,
    "daily_winning_ratio": 0.5,
    "max_drawdown": 0.2350031477650868
  }
}