{
  "benchmark": {
    "alpha": 0.0,
    "beta": 0.9999999999999997,
    "sharpe_ratio": 0.904519710793929,
    "sortino_ratio": 1.4580844433965792,
    "annual_volatility": 0.6801619452376789,
    "annual_return": 0.5323013281666675,
    "daily_winning_ratio": 0.5081967213114754,
    "max_drawdown": 0.2350031477650868
  },
  "strategy": {
    "alpha": -0.5750715256165508,
    "beta": 0.5048575720954316,
    "sharpe_ratio": -1.2864657085187903,
    "sortino_ratio": -1.7202179974887053,
    "annual_volatility": 0.4230454199612207,
    "annual_return": -0.4493327076191156,
    "daily_winning_ratio": 0.5081967213114754,
    "max_drawdown": 0.2350031477650868
  }
}