{
  "benchmark": {
    "alpha": 0.0,
    "beta": 0.9999999999999998,
    "sharpe_ratio": -2.230620795173714,
    "sortino_ratio": -2.8623369362579805,
    "annual_volatility": 0.8393169978740802,
    "annual_return": -0.8886809449235853,
    "daily_winning_ratio": 0.47368421052631576,
    "max_drawdown": 0.3196330605270259
  },
  "strategy": {
    "alpha": -0.36662572278387895,
    "beta": 0.3533374102226558,
    "sharpe_ratio": -2.492339659813636,
    "sortino_ratio": -3.030527467966011,
    "annual_volatility": 0.44854469761049587,
    "annual_return": -0.6939605946271536,
    "daily_winning_ratio": 0.47368421052631576,
    "max_drawdown": 0.3196330605270259
  }
}