{
  "benchmark": {
    "alpha": 0.0,
    "beta": 0.9999999999999998,
    "sharpe_ratio": 0.7346446125243004,
    "sortino_ratio": 1.1455021906907112,
    "annual_volatility": 0.6982025470321381,
    "annual_return": 0.37690980476969127,
    "daily_winning_ratio": 0.5263157894736842,
    "max_drawdown": 0.15264427594163443
  },
  "strategy": {
    "alpha": -0.06120329589924545,
    "beta": 0.8170828899531756,
    "sharpe_ratio": 0.5819691752110037,
    "sortino_ratio": 0.8946930361094462,
    "annual_volatility": 0.61164076064645,
    "annual_return": 0.240930638840281,
    "daily_winning_ratio": 0.5263157894736842,
    "max_drawdown": 0.11241275447202714
  }
}