{
  "benchmark": {
    "alpha": 0.0,
    "beta": 1.0000000000000002,
    "sharpe_ratio": -2.200154239061428,
    "sortino_ratio": -2.7890137982571,
    "annual_volatility": 0.7931596359793419,
    "annual_return": -0.8687640161636039,
    "daily_winning_ratio": 0.4722222222222222,
    "max_drawdown": 0.3056030218544834
  },
  "strategy": {
    "alpha": -0.35912837390054464,
    "beta": 0.4568394314817291,
    "sharpe_ratio": -2.73088790685337,
    "sortino_ratio": -3.3009815463004464,
    "annual_volatility": 0.4547507955871764,
    "annual_return": -0.730494697374408,
    "daily_winning_ratio": 0.4722222222222222,
    "max_drawdown": 0.3056030218544834
  }
}