{
  "benchmark": {
    "alpha": 0.0,
    "beta": 1.0,
    "sharpe_ratio": -1.4397441745705588,
    "sortino_ratio": -1.9899355139615063,
    "annual_volatility": 0.6636611003891146,
    "annual_return": -0.6761131811614046,
    "daily_winning_ratio": 0.5,
    "max_drawdown": 0.13637522836279803
  },
  "strategy": {
    "alpha": 1.0461853255344167,
    "beta": 0.9491410126925243,
    "sharpe_ratio": -0.29214765984327246,
    "sortino_ratio": -0.4408090225116445,
    "annual_volatility": 0.6511310162512483,
    "annual_return": -0.2965291861592868,
    "daily_winning_ratio": 0.5,
    "max_drawdown": 0.10463143380226836
  }
}