{
  "benchmark": {
    "alpha": 0.0,
    "beta": 0.9999999999999996,
    "sharpe_ratio": -1.3913145093401205,
    "sortino_ratio": -1.8775735454389182,
    "annual_volatility": 0.8665191319427977,
    "annual_return": -0.7870044255147541,
    "daily_winning_ratio": 0.4810126582278481,
    "max_drawdown": 0.3196330605270259
  },
  "strategy": {
    "alpha": -0.578348655806858,
    "beta": 0.2998427608549324,
    "sharpe_ratio": -2.762987353035229,
    "sortino_ratio": -3.3378826638403205,
    "annual_volatility": 0.4430155420392115,
    "annual_return": -0.7241982619364187,
    "daily_winning_ratio": 0.4810126582278481,
    "max_drawdown": 0.3196330605270259
  }
}