{
  "benchmark": {
    "alpha": 0.0,
    "beta": 0.9999999999999998,
    "sharpe_ratio": -1.25006419116707,
    "sortino_ratio": -1.6908297239201864,
    "annual_volatility": 0.8935923206019094,
    "annual_return": -0.7728140226002584,
    "daily_winning_ratio": 0.4842105263157895,
    "max_drawdown": 0.3196330605270259
  },
  "strategy": {
    "alpha": -0.38563880035651665,
    "beta": 0.2866547533793656,
    "sharpe_ratio": -1.5988950635878263,
    "sortino_ratio": -2.134170744875571,
    "annual_volatility": 0.5047575325100131,
    "annual_return": -0.592574183636143,
    "daily_winning_ratio": 0.4842105263157895,
    "max_drawdown": 0.3196330605270259
  }
}