{
  "benchmark": {
    "alpha": 0.0,
    "beta": 1.0,
    "sharpe_ratio": 13.355494153311108,
    "sortino_ratio": 2346.780993107036,
    "annual_volatility": 0.23737995052792482,
    "annual_return": 23.02218266827778,
    "daily_winning_ratio": 0.5,
    "max_drawdown": 0.0
  },
  "strategy": {
    "alpha": -0.035843665807902325,
    "beta": 0.0,
    "sharpe_ratio": -Infinity,
    "sortino_ratio": -19.104973174542803,
    "annual_volatility": 0.0,
    "annual_return": 0.0,
    "daily_winning_ratio": 0.5,
    "max_drawdown": 0.0
  }
}