{
  "benchmark": {
    "alpha": 0.0,
    "beta": 0.9999999999999998,
    "sharpe_ratio": -0.9907910375224501,
    "sortino_ratio": -1.3661080652881212,
    "annual_volatility": 0.9106896513384298,
    "annual_return": -0.7222189987298884,
    "daily_winning_ratio": 0.4845360824742268,
    "max_drawdown": 0.3196330605270259
  },
  "strategy": {
    "alpha": -0.3527108894188665,
    "beta": 0.2969711763798364,
    "sharpe_ratio": -1.3784998617512212,
    "sortino_ratio": -1.864835210892926,
    "annual_volatility": 0.5097288855583129,
    "annual_return": -0.5487382364650583,
    "daily_winning_ratio": 0.4845360824742268,
    "max_drawdown": 0.3196330605270259
  }
}