{
  "benchmark": {
    "alpha": 0.0,
    "beta": 0.9999999999999998,
    "sharpe_ratio": -0.3107053336177331,
    "sortino_ratio": -0.4485407749248195,
    "annual_volatility": 0.6850495492999991,
    "annual_return": -0.3260685975996823,
    "daily_winning_ratio": 0.5,
    "max_drawdown": 0.10621049768697044
  },
  "strategy": {
    "alpha": 0.5241188815833608,
    "beta": 0.9873386145746655,
    "sharpe_ratio": 0.3053279878936943,
    "sortino_ratio": 0.46800532724616367,
    "annual_volatility": 0.6927181515840979,
    "annual_return": 0.026400890116855757,
    "daily_winning_ratio": 0.5,
    "max_drawdown": 0.09272666769430171
  }
}