{
  "benchmark": {
    "alpha": 0.0,
    "beta": 0.9999999999999998,
    "sharpe_ratio": 1.5170104546777516,
    "sortino_ratio": 2.3711293778907567,
    "annual_volatility": 0.6163158346536827,
    "annual_return": 1.2003569648179884,
    "daily_winning_ratio": 0.5555555555555556,
    "max_drawdown": 0.15264427594163443
  },
  "strategy": {
    "alpha": -0.1540592843053118,
    "beta": 0.7554524602173411,
    "sharpe_ratio": 1.0524337378876163,
    "sortino_ratio": 1.61188930350742,
    "annual_volatility": 0.5121921822502653,
    "annual_return": 0.5673300808578932,
    "daily_winning_ratio": 0.5555555555555556,
    "max_drawdown": 0.11241275447202714
  }
}