{
  "benchmark": {
    "alpha": 0.0,
    "beta": 1.0000000000000002,
    "sharpe_ratio": -1.4153914105953191,
    "sortino_ratio": -1.9183039948800276,
    "annual_volatility": 0.7335853415142617,
    "annual_return": -0.7194685115471737,
    "daily_winning_ratio": 0.4788732394366197,
    "max_drawdown": 0.2630632251101719
  },
  "strategy": {
    "alpha": -0.3189335424573274,
    "beta": 0.43488262202391487,
    "sharpe_ratio": -1.9874372791228183,
    "sortino_ratio": -2.5354502940154995,
    "annual_volatility": 0.4203586798110606,
    "annual_return": -0.5884245029769464,
    "daily_winning_ratio": 0.4788732394366197,
    "max_drawdown": 0.2630632251101719
  }
}