{
  "benchmark": {
    "alpha": 0.0,
    "beta": 1.0,
    "sharpe_ratio": 1.800298453818573,
    "sortino_ratio": 2.811192922106201,
    "annual_volatility": 0.5964788913397255,
    "annual_return": 1.553196208137555,
    "daily_winning_ratio": 0.5757575757575758,
    "max_drawdown": 0.15264427594163443
  },
  "strategy": {
    "alpha": -0.20967698803484403,
    "beta": 0.661482307899054,
    "sharpe_ratio": 1.0284551642245898,
    "sortino_ratio": 1.5697193134366159,
    "annual_volatility": 0.46194378746308035,
    "annual_return": 0.5041844917232505,
    "daily_winning_ratio": 0.5757575757575758,
    "max_drawdown": 0.11241275447202714
  }
}