{
  "benchmark": {
    "alpha": 0.0,
    "beta": 1.0000000000000004,
    "sharpe_ratio": 0.42308070421221383,
    "sortino_ratio": 0.6696710649041625,
    "annual_volatility": 0.678101117610955,
    "annual_return": 0.10504171684793517,
    "daily_winning_ratio": 0.49206349206349204,
    "max_drawdown": 0.2350031477650868
  },
  "strategy": {
    "alpha": -0.5503430172462391,
    "beta": 0.5012824640112714,
    "sharpe_ratio": -1.5652487068360421,
    "sortino_ratio": -2.0807030681208665,
    "annual_volatility": 0.41819686046617227,
    "annual_return": -0.5059796665937621,
    "daily_winning_ratio": 0.49206349206349204,
    "max_drawdown": 0.2350031477650868
  }
}