{
  "benchmark": {
    "alpha": 0.0,
    "beta": 1.0,
    "sharpe_ratio": 2.5334960749419118,
    "sortino_ratio": 4.1609656813411,
    "annual_volatility": 0.5869863052003174,
    "annual_return": 2.8748358395460953,
    "daily_winning_ratio": 0.5789473684210527,
    "max_drawdown": 0.15264427594163443
  },
  "strategy": {
    "alpha": -0.40759536605076185,
    "beta": 0.5871560006980256,
    "sharpe_ratio": 0.8110200353147328,
    "sortino_ratio": 1.231626621610101,
    "annual_volatility": 0.43153778499595435,
    "annual_return": 0.34451799089046675,
    "daily_winning_ratio": 0.5789473684210527,
    "max_drawdown": 0.11241275447202714
  }
}