{
  "benchmark": {
    "alpha": 0.0,
    "beta": 1.0,
    "sharpe_ratio": -1.4177152685760255,
    "sortino_ratio": -1.901290621811624,
    "annual_volatility": 0.9077140969342826,
    "annual_return": -0.8109880959298827,
    "daily_winning_ratio": 0.4766355140186916,
    "max_drawdown": 0.35587732709776065
  },
  "strategy": {
    "alpha": -0.45290235489562136,
    "beta": 0.3171924824995711,
    "sharpe_ratio": -1.9907856598016467,
    "sortino_ratio": -2.606922217233777,
    "annual_volatility": 0.5077486118405182,
    "annual_return": -0.6684762621739743,
    "daily_winning_ratio": 0.4766355140186916,
    "max_drawdown": 0.35587732709776065
  }
}