{
  "benchmark": {
    "alpha": 0.0,
    "beta": 0.9999999999999999,
    "sharpe_ratio": 2.438637398840772,
    "sortino_ratio": 4.043975934444958,
    "annual_volatility": 0.7660562948532179,
    "annual_return": 4.180240315361378,
    "daily_winning_ratio": 0.5,
    "max_drawdown": 0.08388345945774489
  },
  "strategy": {
    "alpha": -0.3897542868454301,
    "beta": 1.0716023171091575,
    "sharpe_ratio": 1.832496269748771,
    "sortino_ratio": 2.9545261324299883,
    "annual_volatility": 0.8231048823066264,
    "annual_return": 2.4785841723667317,
    "daily_winning_ratio": 0.5,
    "max_drawdown": 0.09272666769430171
  }
}