{
  "benchmark": {
    "alpha": 0.0,
    "beta": 1.0,
    "sharpe_ratio": 10.240111824050464,
    "sortino_ratio": 40.605571836374736,
    "annual_volatility": 0.3733573576231833,
    "annual_return": 43.18522345625432,
    "daily_winning_ratio": 0.5,
    "max_drawdown": 0.009273377365157875
  },
  "strategy": {
    "alpha": -0.3983865972578631,
    "beta": 1.001454798304034,
    "sharpe_ratio": 8.703266766246461,
    "sortino_ratio": 34.3290057258699,
    "annual_volatility": 0.3815804470309567,
    "annual_return": 25.812989700439257,
    "daily_winning_ratio": 0.5,
    "max_drawdown": 0.009578271612068034
  }
}