{
  "benchmark": {
    "alpha": 0.0,
    "beta": 1.0000000000000002,
    "sharpe_ratio": 1.7616376059117063,
    "sortino_ratio": 2.7489908189900825,
    "annual_volatility": 0.5789522997109997,
    "annual_return": 1.4429349177732926,
    "daily_winning_ratio": 0.5714285714285714,
    "max_drawdown": 0.15264427594163443
  },
  "strategy": {
    "alpha": -0.1712357551867839,
    "beta": 0.6606439826585698,
    "sharpe_ratio": 1.0844706535950501,
    "sortino_ratio": 1.6537915065145177,
    "annual_volatility": 0.44816547078992514,
    "annual_return": 0.5296632846333824,
    "daily_winning_ratio": 0.5714285714285714,
    "max_drawdown": 0.11241275447202714
  }
}