{
  "benchmark": {
    "alpha": 0.0,
    "beta": 1.0,
    "sharpe_ratio": -1.5128101193064811,
    "sortino_ratio": -2.008094207925922,
    "annual_volatility": 0.911570043288729,
    "annual_return": -0.8284092415182659,
    "daily_winning_ratio": 0.4818181818181818,
    "max_drawdown": 0.35587732709776065
  },
  "strategy": {
    "alpha": -0.43846972836001563,
    "beta": 0.30656429149543574,
    "sharpe_ratio": -1.9958282862779042,
    "sortino_ratio": -2.6129605712724495,
    "annual_volatility": 0.5007423328711234,
    "annual_return": -0.6634856995057414,
    "daily_winning_ratio": 0.4818181818181818,
    "max_drawdown": 0.35587732709776065
  }
}