{
  "benchmark": {
    "alpha": 0.0,
    "beta": 1.0,
    "sharpe_ratio": -0.5645635163189513,
    "sortino_ratio": -0.8064880758689821,
    "annual_volatility": 0.6106232405291417,
    "annual_return": -0.3876209944307266,
    "daily_winning_ratio": 0.5111111111111111,
    "max_drawdown": 0.21935425847648182
  },
  "strategy": {
    "alpha": -0.576453962255808,
    "beta": 0.6338409681074495,
    "sharpe_ratio": -2.3138549313539456,
    "sortino_ratio": -2.9953170082611993,
    "annual_volatility": 0.4652799858424381,
    "annual_return": -0.6828047612242867,
    "daily_winning_ratio": 0.5111111111111111,
    "max_drawdown": 0.21935425847648182
  }
}