{
  "benchmark": {
    "alpha": 0.0,
    "beta": 1.0,
    "sharpe_ratio": 1.6194143502629572,
    "sortino_ratio": 2.595499798019743,
    "annual_volatility": 0.5853120646262792,
    "annual_return": 1.2651149213860857,
    "daily_winning_ratio": 0.55,
    "max_drawdown": 0.15264427594163443
  },
  "strategy": {
    "alpha": -0.5212689848063181,
    "beta": 0.6038780046049841,
    "sharpe_ratio": -0.37415738193580356,
    "sortino_ratio": -0.5438982085244467,
    "annual_volatility": 0.43692878688678216,
    "annual_return": -0.19732159262721205,
    "daily_winning_ratio": 0.55,
    "max_drawdown": 0.11241275447202714
  }
}