{
  "benchmark": {
    "alpha": 0.0,
    "beta": 1.0,
    "sharpe_ratio": 1.3156740988608016,
    "sortino_ratio": 2.0339677107133043,
    "annual_volatility": 0.6092854247996738,
    "annual_return": 0.9323103051700505,
    "daily_winning_ratio": 0.5483870967741935,
    "max_drawdown": 0.15264427594163443
  },
  "strategy": {
    "alpha": -0.050133411454006516,
    "beta": 0.6767343493553987,
    "sharpe_ratio": 1.0292894388634717,
    "sortino_ratio": 1.572537390298021,
    "annual_volatility": 0.4770809541137278,
    "annual_return": 0.5182464948506758,
    "daily_winning_ratio": 0.5483870967741935,
    "max_drawdown": 0.11241275447202714
  }
}