{
  "benchmark": {
    "alpha": 0.0,
    "beta": 1.0000000000000002,
    "sharpe_ratio": -1.9943929856539298,
    "sortino_ratio": -2.72423601756511,
    "annual_volatility": 0.6466200026129418,
    "annual_return": -0.7660782734401282,
    "daily_winning_ratio": 0.47058823529411764,
    "max_drawdown": 0.15264427594163443
  },
  "strategy": {
    "alpha": 1.3390795173083303,
    "beta": 0.9438997604958826,
    "sharpe_ratio": -0.5803011933464766,
    "sortino_ratio": -0.8714092657593505,
    "annual_volatility": 0.6316018517673286,
    "annual_return": -0.4038000247797907,
    "daily_winning_ratio": 0.47058823529411764,
    "max_drawdown": 0.11241275447202714
  }
}