{
  "benchmark": {
    "alpha": 0.0,
    "beta": 0.9999999999999998,
    "sharpe_ratio": -1.3028439418507445,
    "sortino_ratio": -1.7508067622960608,
    "annual_volatility": 0.9053477349478962,
    "annual_return": -0.7890377616021977,
    "daily_winning_ratio": 0.48148148148148145,
    "max_drawdown": 0.35587732709776065
  },
  "strategy": {
    "alpha": -0.4675813739105884,
    "beta": 0.31618625878898055,
    "sharpe_ratio": -1.9840763780293578,
    "sortino_ratio": -2.5981172343029817,
    "annual_volatility": 0.5053895312961594,
    "annual_return": -0.6653826031514047,
    "daily_winning_ratio": 0.48148148148148145,
    "max_drawdown": 0.35587732709776065
  }
}