{
  "benchmark": {
    "alpha": 0.0,
    "beta": 1.0,
    "sharpe_ratio": -1.6292562509174584,
    "sortino_ratio": -2.137312649842412,
    "annual_volatility": 0.8780500888913387,
    "annual_return": -0.8321780969606003,
    "daily_winning_ratio": 0.48314606741573035,
    "max_drawdown": 0.3196330605270259
  },
  "strategy": {
    "alpha": -0.429195977329335,
    "beta": 0.276421987307999,
    "sharpe_ratio": -1.874000035415704,
    "sortino_ratio": -2.4668404644681465,
    "annual_volatility": 0.5099890526126408,
    "annual_return": -0.6499153244666913,
    "daily_winning_ratio": 0.48314606741573035,
    "max_drawdown": 0.3196330605270259
  }
}