{
  "benchmark": {
    "alpha": 0.0,
    "beta": 1.0000000000000002,
    "sharpe_ratio": -0.4396734327965283,
    "sortino_ratio": -0.6193853156915609,
    "annual_volatility": 0.7330135731112889,
    "annual_return": -0.4244027951864311,
    "daily_winning_ratio": 0.5,
    "max_drawdown": 0.26270348052882464
  },
  "strategy": {
    "alpha": -0.587099863863988,
    "beta": 0.4873094228126812,
    "sharpe_ratio": -2.4005980969616445,
    "sortino_ratio": -3.0446920844873717,
    "annual_volatility": 0.43344692229905984,
    "annual_return": -0.6667435104883919,
    "daily_winning_ratio": 0.5,
    "max_drawdown": 0.26270348052882464
  }
}