{
  "benchmark": {
    "alpha": 0.0,
    "beta": 0.9999999999999998,
    "sharpe_ratio": 1.8239092731957918,
    "sortino_ratio": 2.8576410589498034,
    "annual_volatility": 0.6066580441477293,
    "annual_return": 1.6249633580921494,
    "daily_winning_ratio": 0.5714285714285714,
    "max_drawdown": 0.15264427594163443
  },
  "strategy": {
    "alpha": -0.2515741160007835,
    "beta": 0.7508959242863721,
    "sharpe_ratio": 1.0767424875602944,
    "sortino_ratio": 1.6479898398083523,
    "annual_volatility": 0.5026180024381247,
    "annual_return": 0.5777533676694284,
    "daily_winning_ratio": 0.5714285714285714,
    "max_drawdown": 0.11241275447202714
  }
}