{
  "benchmark": {
    "alpha": 0.0,
    "beta": 0.9999999999999998,
    "sharpe_ratio": 2.95641536194007,
    "sortino_ratio": 4.899751592243345,
    "annual_volatility": 0.6865155204483178,
    "annual_return": 5.345915108807647,
    "daily_winning_ratio": 0.5454545454545454,
    "max_drawdown": 0.08388345945774489
  },
  "strategy": {
    "alpha": -0.28255060287761447,
    "beta": 1.0897665843562936,
    "sharpe_ratio": 2.504140608906174,
    "sortino_ratio": 4.056792430215101,
    "annual_volatility": 0.7507228884442391,
    "annual_return": 4.242753205216365,
    "daily_winning_ratio": 0.5454545454545454,
    "max_drawdown": 0.09272666769430171
  }
}