{
  "benchmark": {
    "alpha": 0.0,
    "beta": 1.0,
    "sharpe_ratio": -1.4555493456508537,
    "sortino_ratio": -1.931256439292313,
    "annual_volatility": 0.8244814693006083,
    "annual_return": -0.7783809432066869,
    "daily_winning_ratio": 0.4794520547945205,
    "max_drawdown": 0.3196330605270259
  },
  "strategy": {
    "alpha": -0.5697076473526305,
    "beta": 0.40336502975991395,
    "sharpe_ratio": -2.9269638781323524,
    "sortino_ratio": -3.5240927808793634,
    "annual_volatility": 0.4531605861933441,
    "annual_return": -0.7522323157162876,
    "daily_winning_ratio": 0.4794520547945205,
    "max_drawdown": 0.3196330605270259
  }
}