{
  "benchmark": {
    "alpha": 0.0,
    "beta": 0.9999999999999998,
    "sharpe_ratio": -0.0325494948945927,
    "sortino_ratio": -0.05005701477877867,
    "annual_volatility": 0.6673392009711598,
    "annual_return": -0.18267297023808915,
    "daily_winning_ratio": 0.49122807017543857,
    "max_drawdown": 0.2350031477650868
  },
  "strategy": {
    "alpha": -0.5564769183264922,
    "beta": 0.5211720603838652,
    "sharpe_ratio": -1.9142099756617474,
    "sortino_ratio": -2.5181461353746357,
    "annual_volatility": 0.43016248714082017,
    "annual_return": -0.5849123081767424,
    "daily_winning_ratio": 0.49122807017543857,
    "max_drawdown": 0.2350031477650868
  }
}