{
  "benchmark": {
    "alpha": 0.0,
    "beta": 0.9999999999999999,
    "sharpe_ratio": 1.8355950861647183,
    "sortino_ratio": 2.865000093758523,
    "annual_volatility": 0.5873733018090186,
    "annual_return": 1.5772165658680923,
    "daily_winning_ratio": 0.5882352941176471,
    "max_drawdown": 0.15264427594163443
  },
  "strategy": {
    "alpha": -0.21238342237650842,
    "beta": 0.6614782862524737,
    "sharpe_ratio": 1.0431657618056123,
    "sortino_ratio": 1.5914408501418635,
    "annual_volatility": 0.45489082871101394,
    "annual_return": 0.5079008636495814,
    "daily_winning_ratio": 0.5882352941176471,
    "max_drawdown": 0.11241275447202714
  }
}