{
  "benchmark": {
    "alpha": 0.0,
    "beta": 1.0,
    "sharpe_ratio": 1.1126376191886846,
    "sortino_ratio": 1.8315900909069698,
    "annual_volatility": 0.812961300047895,
    "annual_return": 0.931992946537969,
    "daily_winning_ratio": 0.42857142857142855,
    "max_drawdown": 0.08388345945774489
  },
  "strategy": {
    "alpha": -0.4848292831007023,
    "beta": 1.0650780563502367,
    "sharpe_ratio": 0.3465445246451193,
    "sortino_ratio": 0.5510453488161595,
    "annual_volatility": 0.8678301104503077,
    "annual_return": 0.015763464157940277,
    "daily_winning_ratio": 0.42857142857142855,
    "max_drawdown": 0.09272666769430171
  }
}