{
  "benchmark": {
    "alpha": 0.0,
    "beta": 1.0,
    "sharpe_ratio": 13.355494153311108,
    "sortino_ratio": 2346.780993107036,
    "annual_volatility": 0.23737995052792482,
    "annual_return": 23.02218266827778,
    "daily_winning_ratio": 0.5,
    "max_drawdown": 0.0
  },
  "strategy": {
    "alpha": -0.014786910821170896,
    "beta": 0.5918623834196872,
    "sharpe_ratio": 13.24946269983502,
    "sortino_ratio": 1377.9441207828377,
    "annual_volatility": 0.140496263295505,
    "annual_return": 5.607453300899055,
    "daily_winning_ratio": 0.5,
    "max_drawdown": 0.0
  }
}