{
  "benchmark": {
    "alpha": 0.0,
    "beta": 1.0,
    "sharpe_ratio": 4.165890369113566,
    "sortino_ratio": 7.0956849500579064,
    "annual_volatility": 0.7418388602461892,
    "annual_return": 16.658810601516752,
    "daily_winning_ratio": 0.5555555555555556,
    "max_drawdown": 0.08388345945774489
  },
  "strategy": {
    "alpha": -0.26520362487697346,
    "beta": 1.0838327053863197,
    "sharpe_ratio": 3.770238313617314,
    "sortino_ratio": 6.319005787017176,
    "annual_volatility": 0.806703852182193,
    "annual_return": 15.087328112616813,
    "daily_winning_ratio": 0.5555555555555556,
    "max_drawdown": 0.09272666769430171
  }
}