{
  "benchmark": {
    "alpha": 0.0,
    "beta": 0.9999999999999998,
    "sharpe_ratio": -1.53100637591836,
    "sortino_ratio": -2.0614823795131256,
    "annual_volatility": 0.8701124536891377,
    "annual_return": -0.8129838309455307,
    "daily_winning_ratio": 0.47435897435897434,
    "max_drawdown": 0.3196330605270259
  },
  "strategy": {
    "alpha": -0.552839599793471,
    "beta": 0.3018904768434792,
    "sharpe_ratio": -2.7054807626545556,
    "sortino_ratio": -3.271002303540419,
    "annual_volatility": 0.44580391801978647,
    "annual_return": -0.7195364111024706,
    "daily_winning_ratio": 0.47435897435897434,
    "max_drawdown": 0.3196330605270259
  }
}