{
  "benchmark": {
    "alpha": 0.0,
    "beta": 0.9999999999999998,
    "sharpe_ratio": 0.5940690763688744,
    "sortino_ratio": 0.8909529871036455,
    "annual_volatility": 0.6103314403519826,
    "annual_return": 0.24350546541678697,
    "daily_winning_ratio": 0.5365853658536586,
    "max_drawdown": 0.18409928950445187
  },
  "strategy": {
    "alpha": -0.6420911337322984,
    "beta": 0.6520087580270938,
    "sharpe_ratio": -1.6458653051118437,
    "sortino_ratio": -2.167295855011191,
    "annual_volatility": 0.47976426708182385,
    "annual_return": -0.5798020720906267,
    "daily_winning_ratio": 0.5365853658536586,
    "max_drawdown": 0.18409928950445187
  }
}