{
  "benchmark": {
    "alpha": 0.0,
    "beta": 1.0,
    "sharpe_ratio": 0.527772796216926,
    "sortino_ratio": 0.8458376216577883,
    "annual_volatility": 0.6875853221367636,
    "annual_return": 0.18529931284720602,
    "daily_winning_ratio": 0.4915254237288136,
    "max_drawdown": 0.2350031477650868
  },
  "strategy": {
    "alpha": -0.5730113772744908,
    "beta": 0.505117309558697,
    "sharpe_ratio": -1.5551869443150104,
    "sortino_ratio": -2.0724936420449893,
    "annual_volatility": 0.42869778706920025,
    "annual_return": -0.5140379215430849,
    "daily_winning_ratio": 0.4915254237288136,
    "max_drawdown": 0.2350031477650868
  }
}