{
  "benchmark": {
    "alpha": 0.0,
    "beta": 1.0000000000000007,
    "sharpe_ratio": -1.0822767115595038,
    "sortino_ratio": -1.4595752197573948,
    "annual_volatility": 0.9139089529958543,
    "annual_return": -0.7466626148628454,
    "daily_winning_ratio": 0.48672566371681414,
    "max_drawdown": 0.35587732709776065
  },
  "strategy": {
    "alpha": -0.49381726496894685,
    "beta": 0.2977419553557356,
    "sharpe_ratio": -1.9728330992150476,
    "sortino_ratio": -2.5828565691933214,
    "annual_volatility": 0.49407128551160456,
    "annual_return": -0.6539241151085253,
    "daily_winning_ratio": 0.48672566371681414,
    "max_drawdown": 0.35587732709776065
  }
}