{
  "timestamp": 1624492800,
  "pps": 0.7235,
  "pnl_rate": -0.27649999999999997,
  "last_day_pnl_rate": -0.006590690649457526,
  "last_1m_pnl_rate": -0.05064952106022828,
  "last_3m_pnl_rate": -0.2809580600278274,
  "last_6m_pnl_rate": -0.27649999999999997,
  "last_12m_pnl_rate": -0.27649999999999997,
  "running_days": 107
}