{
  "timestamp": 1622851200,
  "pps": 0.7841,
  "pnl_rate": -0.21589999999999998,
  "last_day_pnl_rate": -0.020976401548258118,
  "last_1m_pnl_rate": -0.11888976289470728,
  "last_3m_pnl_rate": -0.21589999999999998,
  "last_6m_pnl_rate": -0.21589999999999998,
  "last_12m_pnl_rate": -0.21589999999999998,
  "running_days": 88
}