{
  "timestamp": 1623283200,
  "pps": 0.7919,
  "pnl_rate": -0.20809999999999995,
  "last_day_pnl_rate": 0.04568863066156091,
  "last_1m_pnl_rate": -0.11182144459398823,
  "last_3m_pnl_rate": -0.2361338863702131,
  "last_6m_pnl_rate": -0.20809999999999995,
  "last_12m_pnl_rate": -0.20809999999999995,
  "running_days": 93
}