{
  "timestamp": 1622246400,
  "pps": 0.7797,
  "pnl_rate": -0.22030000000000005,
  "last_day_pnl_rate": 0.022959853056940382,
  "last_1m_pnl_rate": -0.11206012982576022,
  "last_3m_pnl_rate": -0.22030000000000005,
  "last_6m_pnl_rate": -0.22030000000000005,
  "last_12m_pnl_rate": -0.22030000000000005,
  "running_days": 81
}