{
  "timestamp": 1618272000,
  "pps": 1.0416,
  "pnl_rate": 0.04160000000000008,
  "last_day_pnl_rate": 0.0025024061597691606,
  "last_1m_pnl_rate": -0.024992979500140358,
  "last_3m_pnl_rate": 0.04160000000000008,
  "last_6m_pnl_rate": 0.04160000000000008,
  "last_12m_pnl_rate": 0.04160000000000008,
  "running_days": 35
}