{
  "timestamp": 1615420800,
  "pps": 1.0104,
  "pnl_rate": 0.010399999999999965,
  "last_day_pnl_rate": 0.010399999999999965,
  "last_1m_pnl_rate": 0.010399999999999965,
  "last_3m_pnl_rate": 0.010399999999999965,
  "last_6m_pnl_rate": 0.010399999999999965,
  "last_12m_pnl_rate": 0.010399999999999965,
  "running_days": 2
}