{
  "timestamp": 1620000000,
  "pps": 0.89,
  "pnl_rate": -0.10999999999999999,
  "last_day_pnl_rate": -0.0029128388976024377,
  "last_1m_pnl_rate": -0.13650916852624426,
  "last_3m_pnl_rate": -0.10999999999999999,
  "last_6m_pnl_rate": -0.10999999999999999,
  "last_12m_pnl_rate": -0.10999999999999999,
  "running_days": 55
}