{
  "timestamp": 1621382400,
  "pps": 0.8414,
  "pnl_rate": -0.15859999999999996,
  "last_day_pnl_rate": 0.0014282313734826112,
  "last_1m_pnl_rate": -0.06448743606849004,
  "last_3m_pnl_rate": -0.15859999999999996,
  "last_6m_pnl_rate": -0.15859999999999996,
  "last_12m_pnl_rate": -0.15859999999999996,
  "running_days": 71
}