{
  "timestamp": 1616716800,
  "pps": 0.9762,
  "pnl_rate": -0.023800000000000043,
  "last_day_pnl_rate": -0.00863207068142588,
  "last_1m_pnl_rate": -0.023800000000000043,
  "last_3m_pnl_rate": -0.023800000000000043,
  "last_6m_pnl_rate": -0.023800000000000043,
  "last_12m_pnl_rate": -0.023800000000000043,
  "running_days": 17
}