{
  "timestamp": 1619827200,
  "pps": 0.8928,
  "pnl_rate": -0.10719999999999996,
  "last_day_pnl_rate": 0.016740690126409347,
  "last_1m_pnl_rate": -0.136807502658803,
  "last_3m_pnl_rate": -0.10719999999999996,
  "last_6m_pnl_rate": -0.10719999999999996,
  "last_12m_pnl_rate": -0.10719999999999996,
  "running_days": 53
}