{
  "timestamp": 1615852800,
  "pps": 1.0003,
  "pnl_rate": 0.00029999999999996696,
  "last_day_pnl_rate": -0.06365253206028275,
  "last_1m_pnl_rate": 0.00029999999999996696,
  "last_3m_pnl_rate": 0.00029999999999996696,
  "last_6m_pnl_rate": 0.00029999999999996696,
  "last_12m_pnl_rate": 0.00029999999999996696,
  "running_days": 7
}