{
  "timestamp": 1617494400,
  "pps": 1.0307,
  "pnl_rate": 0.03069999999999995,
  "last_day_pnl_rate": -0.005499807024314973,
  "last_1m_pnl_rate": 0.03069999999999995,
  "last_3m_pnl_rate": 0.03069999999999995,
  "last_6m_pnl_rate": 0.03069999999999995,
  "last_12m_pnl_rate": 0.03069999999999995,
  "running_days": 26
}