{
  "timestamp": 1621900800,
  "pps": 0.7606,
  "pnl_rate": -0.23939999999999995,
  "last_day_pnl_rate": -0.02674344209852837,
  "last_1m_pnl_rate": -0.10580766517752171,
  "last_3m_pnl_rate": -0.23939999999999995,
  "last_6m_pnl_rate": -0.23939999999999995,
  "last_12m_pnl_rate": -0.23939999999999995,
  "running_days": 77
}