{
  "timestamp": 1616457600,
  "pps": 1.001,
  "pnl_rate": 0.0009999999999998899,
  "last_day_pnl_rate": -0.033037094281298314,
  "last_1m_pnl_rate": 0.0009999999999998899,
  "last_3m_pnl_rate": 0.0009999999999998899,
  "last_6m_pnl_rate": 0.0009999999999998899,
  "last_12m_pnl_rate": 0.0009999999999998899,
  "running_days": 14
}