{
  "timestamp": 1621209600,
  "pps": 0.83,
  "pnl_rate": -0.17000000000000004,
  "last_day_pnl_rate": 0.002294408887815497,
  "last_1m_pnl_rate": -0.14976439254251178,
  "last_3m_pnl_rate": -0.17000000000000004,
  "last_6m_pnl_rate": -0.17000000000000004,
  "last_12m_pnl_rate": -0.17000000000000004,
  "running_days": 69
}