{
  "timestamp": 1615680000,
  "pps": 1.1119,
  "pnl_rate": 0.11190000000000011,
  "last_day_pnl_rate": 0.07253786051895453,
  "last_1m_pnl_rate": 0.11190000000000011,
  "last_3m_pnl_rate": 0.11190000000000011,
  "last_6m_pnl_rate": 0.11190000000000011,
  "last_12m_pnl_rate": 0.11190000000000011,
  "running_days": 5
}