{
  "timestamp": 1624060800,
  "pps": 0.771,
  "pnl_rate": -0.22899999999999998,
  "last_day_pnl_rate": -0.03383458646616544,
  "last_1m_pnl_rate": 0.019167217448777356,
  "last_3m_pnl_rate": -0.25521638330757335,
  "last_6m_pnl_rate": -0.22899999999999998,
  "last_12m_pnl_rate": -0.22899999999999998,
  "running_days": 102
}