{
  "timestamp": 1616630400,
  "pps": 0.9847,
  "pnl_rate": -0.01529999999999998,
  "last_day_pnl_rate": -0.018049461507778117,
  "last_1m_pnl_rate": -0.01529999999999998,
  "last_3m_pnl_rate": -0.01529999999999998,
  "last_6m_pnl_rate": -0.01529999999999998,
  "last_12m_pnl_rate": -0.01529999999999998,
  "running_days": 16
}