{
  "timestamp": 1616371200,
  "pps": 1.0352,
  "pnl_rate": 0.0351999999999999,
  "last_day_pnl_rate": -0.01615662421592865,
  "last_1m_pnl_rate": 0.0351999999999999,
  "last_3m_pnl_rate": 0.0351999999999999,
  "last_6m_pnl_rate": 0.0351999999999999,
  "last_12m_pnl_rate": 0.0351999999999999,
  "running_days": 13
}