{
  "timestamp": 1624924800,
  "pps": 0.7189,
  "pnl_rate": -0.2811,
  "last_day_pnl_rate": 0.0,
  "last_1m_pnl_rate": -0.1630966239813737,
  "last_3m_pnl_rate": -0.3040658276863504,
  "last_6m_pnl_rate": -0.2811,
  "last_12m_pnl_rate": -0.2811,
  "running_days": 112
}