{
  "timestamp": 1621036800,
  "pps": 0.8194,
  "pnl_rate": -0.18059999999999998,
  "last_day_pnl_rate": -0.0004879238838740619,
  "last_1m_pnl_rate": -0.2054688257539029,
  "last_3m_pnl_rate": -0.18059999999999998,
  "last_6m_pnl_rate": -0.18059999999999998,
  "last_12m_pnl_rate": -0.18059999999999998,
  "running_days": 67
}