{
  "timestamp": 1621728000,
  "pps": 0.7682,
  "pnl_rate": -0.2318,
  "last_day_pnl_rate": -0.0014298713115819446,
  "last_1m_pnl_rate": -0.1111882448223996,
  "last_3m_pnl_rate": -0.2318,
  "last_6m_pnl_rate": -0.2318,
  "last_12m_pnl_rate": -0.2318,
  "running_days": 75
}