{
  "timestamp": 1618790400,
  "pps": 0.9072,
  "pnl_rate": -0.0928,
  "last_day_pnl_rate": -0.07068223724646584,
  "last_1m_pnl_rate": -0.13780650066527278,
  "last_3m_pnl_rate": -0.0928,
  "last_6m_pnl_rate": -0.0928,
  "last_12m_pnl_rate": -0.0928,
  "running_days": 41
}