{
  "timestamp": 1622592000,
  "pps": 0.7855,
  "pnl_rate": -0.21450000000000002,
  "last_day_pnl_rate": -0.003425526516112707,
  "last_1m_pnl_rate": -0.12038073908174696,
  "last_3m_pnl_rate": -0.21450000000000002,
  "last_6m_pnl_rate": -0.21450000000000002,
  "last_12m_pnl_rate": -0.21450000000000002,
  "running_days": 85
}