{
  "timestamp": 1620691200,
  "pps": 0.8854,
  "pnl_rate": -0.11460000000000004,
  "last_day_pnl_rate": -0.01840354767184042,
  "last_1m_pnl_rate": -0.14783445620789218,
  "last_3m_pnl_rate": -0.11460000000000004,
  "last_6m_pnl_rate": -0.11460000000000004,
  "last_12m_pnl_rate": -0.11460000000000004,
  "running_days": 63
}