{
  "timestamp": 1621123200,
  "pps": 0.8281,
  "pnl_rate": -0.17190000000000005,
  "last_day_pnl_rate": 0.010617525018305991,
  "last_1m_pnl_rate": -0.17223110755697724,
  "last_3m_pnl_rate": -0.17190000000000005,
  "last_6m_pnl_rate": -0.17190000000000005,
  "last_12m_pnl_rate": -0.17190000000000005,
  "running_days": 68
}