{
  "timestamp": 1619481600,
  "pps": 0.8789,
  "pnl_rate": -0.12109999999999999,
  "last_day_pnl_rate": 0.03327063249470961,
  "last_1m_pnl_rate": -0.1298019801980198,
  "last_3m_pnl_rate": -0.12109999999999999,
  "last_6m_pnl_rate": -0.12109999999999999,
  "last_12m_pnl_rate": -0.12109999999999999,
  "running_days": 49
}