{
  "timestamp": 1621468800,
  "pps": 0.7721,
  "pnl_rate": -0.2279,
  "last_day_pnl_rate": -0.08236272878535776,
  "last_1m_pnl_rate": -0.14798057823879937,
  "last_3m_pnl_rate": -0.2279,
  "last_6m_pnl_rate": -0.2279,
  "last_12m_pnl_rate": -0.2279,
  "running_days": 72
}