{
  "timestamp": 1620259200,
  "pps": 0.8947,
  "pnl_rate": -0.10529999999999995,
  "last_day_pnl_rate": 0.026385224274406354,
  "last_1m_pnl_rate": -0.13705632716049373,
  "last_3m_pnl_rate": -0.10529999999999995,
  "last_6m_pnl_rate": -0.10529999999999995,
  "last_12m_pnl_rate": -0.10529999999999995,
  "running_days": 58
}