{
  "timestamp": 1619222400,
  "pps": 0.8643,
  "pnl_rate": -0.13570000000000004,
  "last_day_pnl_rate": -0.0042626728110599504,
  "last_1m_pnl_rate": -0.1146281499692686,
  "last_3m_pnl_rate": -0.13570000000000004,
  "last_6m_pnl_rate": -0.13570000000000004,
  "last_12m_pnl_rate": -0.13570000000000004,
  "running_days": 46
}