{
  "timestamp": 1621641600,
  "pps": 0.7693,
  "pnl_rate": -0.23070000000000002,
  "last_day_pnl_rate": 0.016920026437541355,
  "last_1m_pnl_rate": -0.11370967741935485,
  "last_3m_pnl_rate": -0.23070000000000002,
  "last_6m_pnl_rate": -0.23070000000000002,
  "last_12m_pnl_rate": -0.23070000000000002,
  "running_days": 74
}