{
  "timestamp": 1619913600,
  "pps": 0.8926,
  "pnl_rate": -0.10740000000000005,
  "last_day_pnl_rate": -0.0002240143369176624,
  "last_1m_pnl_rate": -0.13874951756078738,
  "last_3m_pnl_rate": -0.10740000000000005,
  "last_6m_pnl_rate": -0.10740000000000005,
  "last_12m_pnl_rate": -0.10740000000000005,
  "running_days": 54
}