{
  "timestamp": 1623542400,
  "pps": 0.7738,
  "pnl_rate": -0.22619999999999996,
  "last_day_pnl_rate": -0.022486104092976158,
  "last_1m_pnl_rate": -0.05565047595801803,
  "last_3m_pnl_rate": -0.22643207037888627,
  "last_6m_pnl_rate": -0.22619999999999996,
  "last_12m_pnl_rate": -0.22619999999999996,
  "running_days": 96
}