{
  "timestamp": 1616025600,
  "pps": 1.0709,
  "pnl_rate": 0.07089999999999996,
  "last_day_pnl_rate": 0.04203561350588684,
  "last_1m_pnl_rate": 0.07089999999999996,
  "last_3m_pnl_rate": 0.07089999999999996,
  "last_6m_pnl_rate": 0.07089999999999996,
  "last_12m_pnl_rate": 0.07089999999999996,
  "running_days": 9
}