{
  "timestamp": 1620950400,
  "pps": 0.8198,
  "pnl_rate": -0.18020000000000003,
  "last_day_pnl_rate": -0.022651406771578467,
  "last_1m_pnl_rate": -0.2018303962613182,
  "last_3m_pnl_rate": -0.18020000000000003,
  "last_6m_pnl_rate": -0.18020000000000003,
  "last_12m_pnl_rate": -0.18020000000000003,
  "running_days": 66
}