{
  "timestamp": 1621987200,
  "pps": 0.7621,
  "pnl_rate": -0.2379,
  "last_day_pnl_rate": 0.001972127267946287,
  "last_1m_pnl_rate": -0.13289338946410287,
  "last_3m_pnl_rate": -0.2379,
  "last_6m_pnl_rate": -0.2379,
  "last_12m_pnl_rate": -0.2379,
  "running_days": 78
}