{
  "timestamp": 1621296000,
  "pps": 0.8402,
  "pnl_rate": -0.15980000000000005,
  "last_day_pnl_rate": 0.01228915662650601,
  "last_1m_pnl_rate": -0.07385361552028225,
  "last_3m_pnl_rate": -0.15980000000000005,
  "last_6m_pnl_rate": -0.15980000000000005,
  "last_12m_pnl_rate": -0.15980000000000005,
  "running_days": 70
}