{
  "timestamp": 1623456000,
  "pps": 0.7916,
  "pnl_rate": -0.20840000000000003,
  "last_day_pnl_rate": 0.007637474541751534,
  "last_1m_pnl_rate": -0.034398633813125155,
  "last_3m_pnl_rate": -0.2590096414864739,
  "last_6m_pnl_rate": -0.20840000000000003,
  "last_12m_pnl_rate": -0.20840000000000003,
  "running_days": 95
}