{
  "timestamp": 1616544000,
  "pps": 1.0028,
  "pnl_rate": 0.0027999999999999137,
  "last_day_pnl_rate": 0.0017982017982018223,
  "last_1m_pnl_rate": 0.0027999999999999137,
  "last_3m_pnl_rate": 0.0027999999999999137,
  "last_6m_pnl_rate": 0.0027999999999999137,
  "last_12m_pnl_rate": 0.0027999999999999137,
  "running_days": 15
}