{
  "timestamp": 1619395200,
  "pps": 0.8506,
  "pnl_rate": -0.14939999999999998,
  "last_day_pnl_rate": -0.007120345511847781,
  "last_1m_pnl_rate": -0.15890438050034614,
  "last_3m_pnl_rate": -0.14939999999999998,
  "last_6m_pnl_rate": -0.14939999999999998,
  "last_12m_pnl_rate": -0.14939999999999998,
  "running_days": 48
}