{
  "timestamp": 1624147200,
  "pps": 0.7665,
  "pnl_rate": -0.23350000000000004,
  "last_day_pnl_rate": -0.005836575875486459,
  "last_1m_pnl_rate": -0.003639672429481379,
  "last_3m_pnl_rate": -0.23426573426573422,
  "last_6m_pnl_rate": -0.23350000000000004,
  "last_12m_pnl_rate": -0.23350000000000004,
  "running_days": 103
}