{
  "timestamp": 1621814400,
  "pps": 0.7815,
  "pnl_rate": -0.21850000000000003,
  "last_day_pnl_rate": 0.01731319968758133,
  "last_1m_pnl_rate": -0.08777868565425474,
  "last_3m_pnl_rate": -0.21850000000000003,
  "last_6m_pnl_rate": -0.21850000000000003,
  "last_12m_pnl_rate": -0.21850000000000003,
  "running_days": 76
}