{
  "timestamp": 1620345600,
  "pps": 0.8899,
  "pnl_rate": -0.11009999999999998,
  "last_day_pnl_rate": -0.005364926791103192,
  "last_1m_pnl_rate": -0.13919520216676343,
  "last_3m_pnl_rate": -0.11009999999999998,
  "last_6m_pnl_rate": -0.11009999999999998,
  "last_12m_pnl_rate": -0.11009999999999998,
  "running_days": 59
}