{
  "timestamp": 1623715200,
  "pps": 0.825,
  "pnl_rate": -0.17500000000000004,
  "last_day_pnl_rate": 0.019273535952557385,
  "last_1m_pnl_rate": -0.006024096385542174,
  "last_3m_pnl_rate": -0.22961994583994771,
  "last_6m_pnl_rate": -0.17500000000000004,
  "last_12m_pnl_rate": -0.17500000000000004,
  "running_days": 98
}