{
  "timestamp": 1616284800,
  "pps": 1.0522,
  "pnl_rate": 0.052200000000000024,
  "last_day_pnl_rate": 0.0009512937595130441,
  "last_1m_pnl_rate": 0.052200000000000024,
  "last_3m_pnl_rate": 0.052200000000000024,
  "last_6m_pnl_rate": 0.052200000000000024,
  "last_12m_pnl_rate": 0.052200000000000024,
  "running_days": 12
}