{
  "timestamp": 1623628800,
  "pps": 0.8094,
  "pnl_rate": -0.1906,
  "last_day_pnl_rate": 0.04600672008270866,
  "last_1m_pnl_rate": -0.022581813790604928,
  "last_3m_pnl_rate": -0.21241607472997961,
  "last_6m_pnl_rate": -0.1906,
  "last_12m_pnl_rate": -0.1906,
  "running_days": 97
}