{
  "timestamp": 1617148800,
  "pps": 1.0315,
  "pnl_rate": 0.031500000000000083,
  "last_day_pnl_rate": 0.00830889540566977,
  "last_1m_pnl_rate": 0.031500000000000083,
  "last_3m_pnl_rate": 0.031500000000000083,
  "last_6m_pnl_rate": 0.031500000000000083,
  "last_12m_pnl_rate": 0.031500000000000083,
  "running_days": 22
}