{
  "timestamp": 1620172800,
  "pps": 0.8717,
  "pnl_rate": -0.12829999999999997,
  "last_day_pnl_rate": -0.023852183650615887,
  "last_1m_pnl_rate": -0.15826573966782545,
  "last_3m_pnl_rate": -0.12829999999999997,
  "last_6m_pnl_rate": -0.12829999999999997,
  "last_12m_pnl_rate": -0.12829999999999997,
  "running_days": 57
}