{
  "timestamp": 1616112000,
  "pps": 1.0415,
  "pnl_rate": 0.04150000000000009,
  "last_day_pnl_rate": -0.027453543748249015,
  "last_1m_pnl_rate": 0.04150000000000009,
  "last_3m_pnl_rate": 0.04150000000000009,
  "last_6m_pnl_rate": 0.04150000000000009,
  "last_12m_pnl_rate": 0.04150000000000009,
  "running_days": 10
}