{
  "timestamp": 1617667200,
  "pps": 1.0356,
  "pnl_rate": 0.035600000000000076,
  "last_day_pnl_rate": 0.0017411491584445964,
  "last_1m_pnl_rate": 0.035600000000000076,
  "last_3m_pnl_rate": 0.035600000000000076,
  "last_6m_pnl_rate": 0.035600000000000076,
  "last_12m_pnl_rate": 0.035600000000000076,
  "running_days": 28
}