{
  "timestamp": 1616803200,
  "pps": 1.0062,
  "pnl_rate": 0.006199999999999983,
  "last_day_pnl_rate": 0.030731407498463457,
  "last_1m_pnl_rate": 0.006199999999999983,
  "last_3m_pnl_rate": 0.006199999999999983,
  "last_6m_pnl_rate": 0.006199999999999983,
  "last_12m_pnl_rate": 0.006199999999999983,
  "running_days": 18
}