{
  "timestamp": 1621555200,
  "pps": 0.7565,
  "pnl_rate": -0.24350000000000005,
  "last_day_pnl_rate": -0.02020463670509009,
  "last_1m_pnl_rate": -0.14394025121647627,
  "last_3m_pnl_rate": -0.24350000000000005,
  "last_6m_pnl_rate": -0.24350000000000005,
  "last_12m_pnl_rate": -0.24350000000000005,
  "running_days": 73
}