{
  "timestamp": 1615939200,
  "pps": 1.0277,
  "pnl_rate": 0.027700000000000058,
  "last_day_pnl_rate": 0.027391782465260514,
  "last_1m_pnl_rate": 0.027700000000000058,
  "last_3m_pnl_rate": 0.027700000000000058,
  "last_6m_pnl_rate": 0.027700000000000058,
  "last_12m_pnl_rate": 0.027700000000000058,
  "running_days": 8
}