{
  "timestamp": 1617580800,
  "pps": 1.0338,
  "pnl_rate": 0.03380000000000005,
  "last_day_pnl_rate": 0.003007664693897451,
  "last_1m_pnl_rate": 0.03380000000000005,
  "last_3m_pnl_rate": 0.03380000000000005,
  "last_6m_pnl_rate": 0.03380000000000005,
  "last_12m_pnl_rate": 0.03380000000000005,
  "running_days": 27
}