{
  "timestamp": 1620432000,
  "pps": 0.8952,
  "pnl_rate": -0.1048,
  "last_day_pnl_rate": 0.005955725362400238,
  "last_1m_pnl_rate": -0.13599073448508833,
  "last_3m_pnl_rate": -0.1048,
  "last_6m_pnl_rate": -0.1048,
  "last_12m_pnl_rate": -0.1048,
  "running_days": 60
}