{
  "timestamp": 1620604800,
  "pps": 0.902,
  "pnl_rate": -0.09799999999999998,
  "last_day_pnl_rate": -0.003425035907634506,
  "last_1m_pnl_rate": -0.130686198920586,
  "last_3m_pnl_rate": -0.09799999999999998,
  "last_6m_pnl_rate": -0.09799999999999998,
  "last_12m_pnl_rate": -0.09799999999999998,
  "running_days": 62
}