{
  "timestamp": 1622937600,
  "pps": 0.7742,
  "pnl_rate": -0.2258,
  "last_day_pnl_rate": -0.012625940568805024,
  "last_1m_pnl_rate": -0.13516532618409294,
  "last_3m_pnl_rate": -0.2258,
  "last_6m_pnl_rate": -0.2258,
  "last_12m_pnl_rate": -0.2258,
  "running_days": 89
}