{
  "timestamp": 1624838400,
  "pps": 0.7189,
  "pnl_rate": -0.2811,
  "last_day_pnl_rate": -0.0018050541516245041,
  "last_1m_pnl_rate": -0.07058823529411763,
  "last_3m_pnl_rate": -0.3030538051381484,
  "last_6m_pnl_rate": -0.2811,
  "last_12m_pnl_rate": -0.2811,
  "running_days": 111
}