{
  "timestamp": 1623196800,
  "pps": 0.7573,
  "pnl_rate": -0.24270000000000003,
  "last_day_pnl_rate": -0.0010552697533307254,
  "last_1m_pnl_rate": -0.14468037045403206,
  "last_3m_pnl_rate": -0.27683346065699005,
  "last_6m_pnl_rate": -0.24270000000000003,
  "last_12m_pnl_rate": -0.24270000000000003,
  "running_days": 92
}