{
  "timestamp": 1620864000,
  "pps": 0.8388,
  "pnl_rate": -0.1612,
  "last_day_pnl_rate": -0.05921938088829067,
  "last_1m_pnl_rate": -0.1919075144508671,
  "last_3m_pnl_rate": -0.1612,
  "last_6m_pnl_rate": -0.1612,
  "last_12m_pnl_rate": -0.1612,
  "running_days": 65
}