{
  "timestamp": 1617235200,
  "pps": 1.033,
  "pnl_rate": 0.03299999999999992,
  "last_day_pnl_rate": 0.0014541929229276147,
  "last_1m_pnl_rate": 0.03299999999999992,
  "last_3m_pnl_rate": 0.03299999999999992,
  "last_6m_pnl_rate": 0.03299999999999992,
  "last_12m_pnl_rate": 0.03299999999999992,
  "running_days": 23
}