{
  "timestamp": 1618876800,
  "pps": 0.8994,
  "pnl_rate": -0.10060000000000002,
  "last_day_pnl_rate": -0.00859788359788363,
  "last_1m_pnl_rate": -0.13118238021638323,
  "last_3m_pnl_rate": -0.10060000000000002,
  "last_6m_pnl_rate": -0.10060000000000002,
  "last_12m_pnl_rate": -0.10060000000000002,
  "running_days": 42
}