{
  "timestamp": 1618617600,
  "pps": 1.0004,
  "pnl_rate": 0.00039999999999995595,
  "last_day_pnl_rate": -0.029962183651701876,
  "last_1m_pnl_rate": -0.03946231397023536,
  "last_3m_pnl_rate": 0.00039999999999995595,
  "last_6m_pnl_rate": 0.00039999999999995595,
  "last_12m_pnl_rate": 0.00039999999999995595,
  "running_days": 39
}