{
  "benchmark": {
    "alpha": 0.0,
    "beta": 1.0000000000000002,
    "sharpe_ratio": 2.891726861050936,
    "sortino_ratio": 5.091343918193095,
    "annual_volatility": 1.0649394194362318,
    "skew": 0.5886325120027182,
    "annual_return": 12.005590989152818,
    "daily_winning_ratio": 0.4772727272727273,
    "max_drawdown": 0.1507942673898922
  },
  "strategy": {
    "alpha": 0.158219897865975,
    "beta": 0.3638102824720435,
    "sharpe_ratio": 2.8327118595591427,
    "sortino_ratio": 5.9387218685612275,
    "annual_volatility": 0.44737082626021185,
    "skew": 1.9098688207643166,
    "annual_return": 2.3429760394032937,
    "daily_winning_ratio": 0.4772727272727273,
    "max_drawdown": 0.08694917015220771
  }
}