{
  "timestamp": 1614902400,
  "pps": 1.1566,
  "pnl_rate": 0.15660000000000007,
  "last_day_pnl_rate": -0.007636207636207557,
  "last_1m_pnl_rate": 0.16580989819574649,
  "last_3m_pnl_rate": 0.15660000000000007,
  "last_6m_pnl_rate": 0.15660000000000007,
  "last_12m_pnl_rate": 0.15660000000000007,
  "running_days": 44
}